Feature,Importance
Session_Duration (hours),0.24930697977662153
Workout_Frequency (days per week),0.2234917024638306
Fat_Percentage,0.16495807455898062
Calories_Burned,0.12382318444375219
Water_Intake (liters),0.038938395882074636
BMI,0.03037724544026913
Weight (kg),0.03034805059645096
Height (m),0.027446654520104304
Max_BPM,0.027271795326833367
Avg_BPM,0.02524513414124204
Age,0.024270347027572817
Resting_BPM,0.02157469409309209
Workout_Type,0.009320372265944071
Gender,0.0036273694632316888
